0	Are director of film Move (1970 Film) and director of film Méditerranée (1963 Film) from the same country?
1	Do both films The Falcon (Film) and Valentin The Good have the directors from the same country?
2	Which film whose director is younger, Charge It To Me or Danger: Diabolik?
3	What is the date of birth of Mina Gerhardsen's father?
4	What nationality is the director of film Wedding Night In Paradise (1950 Film)?
5	When is the composer of film Sruthilayalu 's birthday?
6	Who is Rhescuporis I (Odrysian)'s paternal grandfather?
7	Do both films: The Ex-Mrs. Bradford and The Star Of Santa Clara have the directors from the same country?
8	Which film came out first, The Love Route or Engal Aasan?
9	Where was the director of film The Fascist born?
10	Are Matraville Sports High School and Wabash High School both located in the same country?
11	Are Alison Skipper and Diane Gilliam Fisher from the same country?
12	Do the movies Bloody Birthday and The Beckoning Silence, originate from the same country?
13	Which country the performer of song Soldier (Neil Young Song) is from?
14	What nationality is the director of film Borunbabur Bondhu?
15	Where was the place of burial of the performer of song There Is So Much World To See?
16	What is the date of birth of the director of film Wandering Fires?
17	When did Fatima Bint Mubarak Al Ketbi's husband die?
18	When was the director of film Private Hell 36 born?
19	Are both businesses, Vakıfbank and Infopro Sdn Bhd, located in the same country?
20	Do director of film Chandirani and director of film Not Without Gisela have the same nationality?
21	Does Mukasa Mbidde have the same nationality as Erich Maas?
22	Does Ted Swinford have the same nationality as Nirmala Sheoran?
23	Which film was released more recently, Die schöne Lurette or Sabhash?
24	Why did the founder of university University Of Birmingham die?
25	Do Rhescuporis Ii and Mcallister Hull share the same nationality?
26	Are director of film Ek Misaal and director of film A Soldier'S Oath both from the same country?
27	When did the director of film An International Marriage die?
28	Which film has the director born later, A Flame In My Heart or Butcher, Baker, Nightmare Maker?
29	Which country the performer of song Miss Brown To You is from?
30	Which film has the director who died later, Aaranya Kandam or One Hundred Nails?
31	What is the place of birth of the director of film Prince Of The Plains?
32	What is the date of birth of the director of film Just Like Heaven (Film)?
33	When did the director of film A Whirlwind Of Whiskers die?
34	Do both films Passage West (1951 Film) and Musa (Film) have the directors from the same country?
35	Are both Tengboche and Estarm, Kerman located in the same country?
36	Who is the mother-in-law of Andrew Murray (Scottish Soldier)?
37	Are Arcata–Eureka Airport and Lake Charles Regional Airport both located in the same country?
38	Where was the director of film Ich Für Dich, Du Für Mich born?
39	When did the performer of song A Pretty Girl Milking Her Cow die?
40	Are Malian, Hamadan and Chahar Taq, Markazi located in the same country?
41	When was the director of film Mr. Moto Takes A Chance born?
42	Are Samalá River and Itter (Eder) located in the same country?
43	Are the directors of films Fire Down Below (1957 film) and Playing the Game both from the same country?
44	What is the place of birth of the director of film Secrets Of The Underground?
45	Do both Bait (1954 Film) and Dharm Adhikari films have the directors from the same country?
46	Are director of film Sthree Sahasam and director of film That Malicious Age both from the same country?
47	Are director of film The Actors and director of film Liar Liar from the same country?
48	When is the performer of song Behind The Ritual 's birthday?
49	Did the movies Pony Express (Film) and The Da Vinci Code (Film), originate from the same country?
50	Are Sam Earle and Felix Luckeneder from the same country?
51	Where was the director of film Rubber Racketeers born?
52	Are both Lesser Slave Lake and Medeweger See located in the same country?
53	Where was the composer of film Avidathe Pole Ivideyum born?
54	Are Alsino And The Condor and 1922 (2017 Film) both from the same country?
55	When is George Lamb (Politician)'s father's birthday?
56	Are the bands Cinematic Sunrise and Kingston Falls, from the same country?
57	Where was the place of death of the director of film Master Stroke?
58	Are the movies Carnival Of Souls and Uvanga, from the same country?
59	What nationality is the performer of song Hummingbird (1955 Song)?
60	Where did Mirza Farkhunda Shah's father die?
61	Do both films, The Trail Of The Lonesome Pine (1923 Film) and La Torre De Suso, have the directors who are from the same country?
62	Which film has the director who was born later, Glamour Boy (Film) or Night By The Seashore?
63	Where did Lamprocles's father die?
64	When did the director of film The First Mass die?
65	What is the date of death of the director of film Escape To France?
66	Are J. Lee and Pete Carril from the same country?
67	Which country the director of film Death And Diamonds (Film) is from?
68	When is the director of film The Voice In The Fog 's birthday?
69	Are St. Mary High School (Rutherford, New Jersey) and Mother Teresa High School both located in the same country?
70	When is the director of film Eclipse Of Reason 's birthday?
71	Where did the director of film Skinner Steps Out die?
72	Are director of film The Monster Squad and director of film The Cup (2011 film) from the same country?
73	What is the cause of death of director of film Road Kill (2010 Film)?
74	Which country the composer of song Every Day I Have To Cry (Song) is from?
75	Are Takamatsu Airport and Freehold Airport located in the same country?
76	Where was the director of film Gaon Hamara Shaher Tumhara born?
77	Which film has the director born earlier, Ek Paheli or When Father Was Away On Business?
78	Did John Agoglia and John E. Toews have the same nationality?
79	Are both buildings, Santa María De Santa Cruz De La Serós and Newcastle Cruise Terminal, located in the same country?
80	Are both schools, Salt Brook Academy and Model Technical Higher Secondary Schools, located in the same country?
81	What is the place of birth of Abdullah Ibn Hasan's father?
82	Are Belcher Channel and Glunze located in the same country?
83	Do both directors of films The Piano Tuner Has Arrived and The Young Philadelphians share the same nationality?
84	What is the date of death of the director of film Shocking Asia?
85	Are both Chapan-E Olya and Cwrt Y Gollen located in the same country?
86	When is the director of film Three Men And A Little Lady 's birthday?
87	What is the date of birth of the director of film Pola X?
88	Do both directors of films Blücher (film) and The Good Old Soak have the same nationality?
89	Do both directors of films Mission: Impossible III and The Money Changers have the same nationality?
90	When is the director of film The Virginian (1923 Film) 's birthday?
91	What nationality is Pamela Chopra's husband?
92	What is the cause of death of director of film Call Her Savage?
93	When did Prince Henry, Duke Of Cumberland And Strathearn's mother die?
94	What is the place of birth of the director of film Ruang Talok 69?
95	Do the movies Bedtime With Rosie and Timecode (2000 Film), originate from the same country?
96	Do Mireille Delunsch and Richard J. Zaborski share the same nationality?
97	Where was the composer of film Marikkunnilla Njan born?
98	Where was the director of film The Sporting Duchess (1915 Film) born?
99	Do both Something Always Happens and The Great Impersonation (1921 film) films have the directors from the same country?
100	Do both films, Spencer'S Mountain and Karpoora Mullai, have the directors who are from the same country?
101	Do both directors of films Paper Bullets and Karakolda Ayna Var share the same nationality?
102	When is the director of film Buried Treasure (1921 Film) 's birthday?
103	Do both directors of films Jatt & Juliet and Sciopèn share the same nationality?
104	Does Tim Reid have the same nationality as Devon Martinus?
105	Are Rudy Halmaert and Han Xin of the same nationality?
106	Which film has the director who was born earlier, People To Each Other or Tali-Ihantala 1944?
107	Are director of film Flirting with Fate (1938 film) and director of film Grand Canyon Adventure: River at Risk both from the same country?
108	Which country the director of film On The Riviera is from?
109	Where did the director of film Evelyn'S Love Adventures die?
110	Were Dallin Malmgren and A.B.M. Fazle Karim Chowdhury of the same nationality?
111	Are Marc Dutroux and Joaquim Pimentel of the same nationality?
112	When was the director of film Blindfold (1966 Film) born?
113	Do both films, Laali and Gayby, have the directors who are from the same country?
114	What is the date of death of Helen F. Holt's husband?
115	When did the director of film Catherine & Co. die?
116	What nationality is the director of film Arcade (Film)?
117	What is the date of birth of the director of film You'Re My Everything (Film)?
118	Are You Came Along and Our House (2018 Film) both from the same country?
119	Are the directors of both films Mamay (film) and Dark Mountain (film) from the same country?
120	Who died later, Chuck Turner or Mohamed Abdelaziz (Sahrawi Politician)?
121	What is the date of death of the director of film Syncopating Sue?
122	Are the movies Commissioner Eyck and 3 Indian Tales, from the same country?
123	Are Shokrab, Kermanshah and Pis-Losap both located in the same country?
124	Where did the director of film The Right Of The Strongest die?
125	Who is younger, Andrea Vaturi or Hamdan Bin Rashid Al Maktoum?
126	Did Jo Beth Taylor and Rudolf Wanner have the same nationality?
127	Are both Qaleh Dokhtar, Kohgiluyeh And Boyer-Ahmad and Bokat located in the same country?
128	What is the date of birth of the director of film Sword Stained With Royal Blood (1981 Film)?
129	Are both villages, Beliševo and Datow Naseri, located in the same country?
130	Who is the spouse of the director of film Just Once A Great Lady (1957 Film)?
131	What nationality is the director of film Age Of Consent (Film)?
132	Who is the spouse of the composer of song It Goes Like It Goes?
133	Where did the director of film Canyon Of The Fools die?
134	Are Prakanongpittayalai School and International School Of Koje located in the same country?
135	Are both director of film The Search For John Gissing and director of film Blindfolded (Film) from the same country?
136	Are both airports, Lemnos International Airport and Bindja Airport, located in the same country?
137	Were Heinrich Gerhard Kuhn and Elfie Pertramer from the same country?
138	Do both Delta Of Venus (Film) and Franco, Ese Hombre films have the directors from the same country?
139	Which film was released earlier, The Pervert'S Guide To Ideology or La Vida Alrededor?
140	Where was the place of death of the director of film Under The Same Skin?
141	Are the movies Shadows of the West and The Matchmaker (1934 film), from the same country?
142	Which film came out first, A Hill In Korea or Ek Anek Aur Ekta?
143	Which film has the director who is older than the other, Kiss The Blood Off My Hands or Screaming Mimi (Film)? 
144	Where was the composer of film Pancha Thanthram born?
145	What is the date of birth of the performer of song Iconic (Song)?
146	Who is the spouse of the director of film Lord Of The Manor (Film)?
147	When is William Marshall (1796–1872)'s father's birthday?
148	Did the movies Find the Woman and Two Is a Family, originate from the same country?
149	Are director of film Zamaana Deewana and director of film The Last Attraction from the same country?
150	Do director of film Miss Lovely and director of film Good Will Hunting have the same nationality?
151	Which country the performer of song I Don'T Believe You (She Acts Like We Never Have Met) is from?
152	When is Martha Bulloch Roosevelt's husband's birthday?
153	What nationality is the director of film Kadvi Hawa?
154	Who was born first out of Michelle Tong and Eugene Mcdowell?
155	Are director of film Vai Pandal and director of film Under Electric Clouds from the same country?
156	Are both Lateh Choqa Sayyadan and Cheshmeh-Ye Mirza Hoseyn located in the same country?
157	Are Valiabad, Chalus and Mazraeh-Ye Ali Shafi both located in the same country?
158	Are director of film Summer Bachelors and director of film Albeli (1955 Film) both from the same country?
159	Who is the mother of the director of film Blind Spot (1932 Film)?
160	Who was born first out of Skip Hicks and Sergei Parajanov?
161	Do both films Shore Leave (film) and The Cradle of Courage have the directors that share the same nationality?
162	Who was born later, Joseph Haboush or Alexander Argüelles?
163	Are Shahrak-E Shomali and Taqiabad, Mazandaran both located in the same country?
164	Do both directors of films The Troublemaker (1964 Film) and Father'S Doing Fine have the same nationality?
165	Who is Hormizd I's paternal grandfather?
166	Which film has the director born later, A Yank In Korea or The Tunnel (1933 French-Language Film)?
167	What nationality is the director of film T-Men?
168	Where was the father of Margaret Of Hungary (Saint) born?
169	Does Mario Beaulieu (Senator) have the same nationality as Ebenezer Porter?
170	Where was the place of death of Toma Barbu Socolescu's father?
171	Who is the uncle of Manuel Komnenos (Kouropalates)?
172	Are Long Branch (Troublesome Creek) and Jenipapo River both located in the same country?
173	What is the date of birth of the composer of song Montana (Frank Zappa Song)?
174	Which film whose director was born first, Sorority House Massacre Ii or Faces In The Fog?
175	Why did the director of film Thirst (1960 Film) die?
176	Who was born first, David Hanson (Politician) or Jane Wagner?
177	When was the director of film Sword Of Honour (1939 Film) born?
178	Do director of film Chicago 10 (Film) and director of film Black Oxen share the same nationality?
179	Which film has the director born earlier, Aapo (Film) or The White God?
180	When is Geneviève Élisabeth Disdéri's husband's birthday?
181	Are Arcangelo Di Cola and Tarik Tissoudali both from the same country?
182	What is the place of birth of the director of film The Crisis (1916 Film)?
183	Are Nishiki River and Bullskin Run located in the same country?
184	What is the date of birth of Sudheer Karamana's father?
185	Are both villages, Mazraeh-Ye Ruansar and Qalandar-E Sofla, located in the same country?
186	Was Ali Akbar Salehi or Stefano Dall'Acqua born first?
187	Where did Cecily Of York's father die?
188	Which film has the director who was born first, The Last Winter (2006 Film) or Too Much Wife?
189	Are Fernand Backes and Tom Carew both from the same country?
190	Which film has the director died first, Forbidden Paths or Little Man, What Now? (1933 Film)?
191	What is the date of birth of Eleanor Sherman Thackara's father?
192	Where did Shannon Lee's father study?
193	Which country Georgina Chapman's husband is from?
194	Are Puka Q'Asa (Huancavelica) and Horsetooth Mountain both located in the same country?
195	Are director of film Cosmonaut (Film) and director of film The Scientific Cardplayer from the same country?
196	Are the movies Made (2001 Film) and Proud Flesh (Film), from the same country?
197	When was the director of film The Vampire'S Ghost born?
198	Which film came out earlier, Mi Viudo Y Yo or El Siete Machos?
199	Where did the director of film Are All Men Alike? die?
200	Are both directors of films Kalamegam and We Are Brothers from the same country?
201	Do both films Amba Ambika Ambalika and Ernest Goes To Camp have the directors from the same country?
202	When did the director of film Sathruvu die?
203	Are director of film Desde Que Amanece Apetece and director of film The Last Survivors from the same country?
204	What is the place of birth of the director of film The Uncle?
205	Which film was released more recently, Pottu Amman (Film) or Raja Manthiri?
206	Are Berkeh-Ye Khalaf and Rostam Beyg located in the same country?
207	Do both films, Thieves in Thailand and Forces of Nature (2004 film), have the directors who are from the same country?
208	Where was the place of death of the director of film We Have Only One Life?
209	Did Frederick Joseph Loftus-Tottenham and Arban Severin have the same nationality?
210	Who is the father of the performer of song The House That Jack Built (Song)?
211	What is the place of birth of the director of film Magic Man (Film)?
212	Where was the director of film Stage Fright (1950 Film) born?
213	Who was born first, Makarios Djan or Janiel Simon?
214	Who lived longer, Constance Keys or Anthony De Jasay?
215	Did the magazines Reef Hobbyist Magazine and Investment Executive, originate from the same country?
216	Do both directors of films The Old Fritz and The Seventh Sign share the same nationality?
217	What is the date of death of the performer of song Duodenum (Song)?
218	What is the place of birth of Nayla Moawad's husband?
219	Which film has the director who was born first, Meiseken or The Vulture (1982 Film)?
220	Are Schnitt Acht and Falconer (Band) from the same country?
221	Which film has the director who is older, Don 2 or The Price Of Possession?
222	Which country the director of film Punk: Attitude is from?
223	What is the date of birth of Luke Bullen's wife?
224	When did the director of film Should A Mother Tell? die?
225	Are both directors of films The Splendid Sinner and The Convicted from the same country?
226	Do the movies Sunshine State (Film) and Massive Retaliation (Film), originate from the same country?
227	When did the director of film Albert Schweitzer (Film) die?
228	What nationality is the director of film The War On Democracy?
229	When did Joanna Elisabeth Of Holstein-Gottorp's husband die?
230	Who died later, Clyde Dickey or Turid Karlsen Seim?
231	What nationality is John Harbaugh's father?
232	Where was the director of film Two Tickets To London born?
233	Where did the director of film Fireman Save My Child (1954 Film) die?
234	Where was the place of death of the director of film Smoke On The Potato Fields?
235	Where was the place of death of the director of film De Blaa Drenge?
236	When is the director of film Seven Psychopaths 's birthday?
237	Do the movies The 10th Victim and Bunker Bean, originate from the same country?
238	Does Terry Stembridge have the same nationality as Grace English?
239	Are Ekaterina Voronina and Beatriz Villacañas of the same nationality?
240	Which country the composer of song Silver Bells is from?
241	What is the date of death of the director of film Party Girl (1958 Film)?
242	Are the bands Chateaux (Band) and Stormy Six, from the same country?
243	Where was the father of Minnie Smythe born?
244	Who is the maternal grandfather of Countess Johanna Magdalene Of Hanau-Lichtenberg?
245	Are both villages, Vukpalaj and Ano Lechonia, located in the same country?
246	Are both Ingur Railway Station and Colo Vale Railway Station, New South Wales located in the same country?
247	Where did the director of film Dakshayagnam (1962 Film) die?
248	Which country the director of film Sleepless In New York is from?
249	Do both directors of films The Mouth of the Wolf (2009 film) and Town Without Pity share the same nationality?
250	What is the date of death of Veronique Peck's husband?
251	Which film has the director who died first, Sos Pacific or Amores De Ayer?
252	What is the date of death of the director of film 813 (Film)?
253	Which song came out earlier, Apocalypse Please or Skelewu?
254	Where did the director of film Alex Holeh Ahavah graduate from?
255	What is the date of birth of the performer of song Irma Jackson?
256	Which film was released first, Such Great Foolishness or Film Geek?
257	Does Bill Wallace (Writer) have the same nationality as P.O?
258	When did the director of film Trouble With Trixie die?
259	Where did the director of film Detective (1954 Film) die?
260	What is the date of death of the director of film Akalangalil?
261	Do director of film The Haunting of Morella and director of film The Young Girl share the same nationality?
262	What is the date of death of the director of film Angela (1955 Film)?
263	Do both films Country (film) and Raid in St. Pauli have the directors that share the same nationality?
264	Who is the spouse of the director of film Struggle For Eagle Peak?
265	Where was the director of film Santos Vega (1936 Film) born?
266	Which film was released earlier, Lake Placid Serenade or Odd Couple (Film)?
267	When did Lady Mary Fox's father die?
268	Who was born first, Eupremio Carruezzo or Bruno Millienne?
269	Which country the composer of song A Dreamer'S Holiday is from?
270	Do the movies 23 (Film) and Omg... We'Re In A Horror Movie!!!, originate from the same country?
271	Are both lakes, Mary Lake (Ontario) and Lago Di Fimon, located in the same country?
272	Who is the father of the director of film Buckaroo Sheriff Of Texas?
273	Do both films, The Gentleman (Film) and Dream Of Love, have the directors who are from the same country?
274	When did Juan Torena's wife die?
275	Do both films, Vivahitha and Silver River (Film), have the directors who are from the same country?
276	Do both directors of films The Virgin and the Macho Man and Mr. Warmth: The Don Rickles Project have the same nationality?
277	Do both films: Arbitrage (film) and In the Wake of a Stranger have the directors from the same country?
278	Do both films Zebrahead (film) and Comedians (1925 film) have the directors from the same country?
279	When was the director of film Jiraiya The Hero born?
280	Are both high schools, Fort Zumwalt South High School and West Chester East High School, located in the same country?
281	Are both villages, Halvehhani and Aq Bolagh, Qazvin, located in the same country?
282	Which country the director of film La Otra Y Yo is from?
283	When was the director of film Yellowstone (Film) born?
284	Which film came out earlier, Zehreela Insaan or Bert: The Last Virgin?
285	When did Louis Ii Of Italy's father die?
286	Are the directors of both films Sharmeelee and American Hustle from the same country?
287	Which film has the director died earlier, Sweepstakes Winner or The Rocket From Calabuch?
288	Where was the director of film Heroes Of Fort Worth born?
289	When is the composer of film Artham 's birthday?
290	Are the directors of both films Kathiruntha Kangal and Under The Tonto Rim (1928 Film) from the same country?
291	Which film has the director died later, The Virtuous Scoundrel or Barbary Coast Gent?
292	Are the directors of both films Night Terrors (Film) and Anhonee (1973 Film) from the same country?
293	Which film was released more recently, Gautam Govinda or Danur 2: Maddah?
294	What nationality is the performer of song Orange Sky (Song)?
295	Do both films See Jack Run and Buena Vista Social Club (Film) have the directors that share the same nationality?
296	Who is the mother of the composer of film Todo Es Mentira?
297	Do Yaman Okay and Mike Fiers have the same nationality?
298	Are both villages, Khalti and Chah-E Chaheh, located in the same country?
299	Which film has the director who is older, Les Braqueuses or Call Northside 777?
300	Where was the place of burial of the performer of song Just Waitin'?
301	Where was the place of death of the director of film Rave Un2 The Year 2000?
302	Did Mohammad Fariduddin and Dick Wearmouth have the same nationality?
303	Are the bands The Blakes and Big Supreme, from the same country?
304	Which film has the director who was born first, Lianhua Symphony or Without Evidence?
305	Where did Umberto Agnelli's mother die?
306	Do both directors of films Adada and Fading Gigolo have the same nationality?
307	Are Carfury and Albu Shahbaz located in the same country?
308	Are both Kandry and Salash-E Disam located in the same country?
309	Which film has the director born first, The House (2011 film) or Pengkhianatan G30S/PKI?
310	Which film has the director who was born later, Don't Shoot the Composer or Sökarna?
311	What is the date of death of the director of film Hoodman Blind?
312	Are both villages, Peniki and Goleh Dun, located in the same country?
313	What is the place of birth of the composer of film Anjali (1977 Film)?
314	Are Shaveh, Markazi and Brajićevići located in the same country?
315	What is the place of birth of the director of film Zero (1928 Film)?
316	Where was the place of death of the director of film The Mysteries Of Paris (1962 Film)?
317	Do both films, Marianela (1955 Film) and Arrowhead (1953 Film), have the directors who are from the same country?
318	Do both films Circle Of Friends (1995 Film) and Luponini From Chicago have the directors that share the same nationality?
319	When did Henry Reginald Courtenay (Mp)'s father die?
320	Are both directors of films El Mar De Lucas and How Sweet It Is (2013 Film) from the same country?
321	When did the director of film Scrooge (1935 Film) die?
322	Do both films: Black Thunder (Film) and Farz (1967 Film) have the directors from the same country?
323	What is the date of death of the director of film Song Of The Phoenix?
324	Who is Ethelreda, Daughter Of Gospatric's mother-in-law?
325	Where was the director of film Coordinates Of Death born?
326	Are both villages, Yamn and Galinheiro, located in the same country?
327	Does Alexandra Camenșcic have the same nationality as Robert Broadnax Glenn?
328	Which film has the director born earlier, Blonde Ice or Shadow (1956 film)?
329	What is the cause of death of Elizabeth Thorndike's husband?
330	Do both directors of films Aatmiyulu and La Gallina Clueca share the same nationality?
331	Are Qeshlaq-E Jafar Qoli and Avdarma both located in the same country?
332	Which country Raymond Hackett's wife is from?
333	Are Hamadan Seljeh and Bid Zarrin-E Sofla both located in the same country?
334	Which film was released more recently, Murder Obsession or Cuore Sacro?
335	Did the movies Star Appeal (Film) and Cradle Song (1994 Film), originate from the same country?
336	Are Kaj Kolah, Zanjan and Nurabad, Shazand both located in the same country?
337	Where did the director of film Confession (1937 Film) die?
338	Are both villages, Kushk-E Mur and Bistrica (Crna Trava), located in the same country?
339	Who was born first, Madhukar Vasudev Dhond or Abdallah Al-Ajmi?
340	Which film has the director born later, The King Of Marvin Gardens or The Wedding Of Lilli Marlene?
341	What is the date of birth of the director of film The Private Life Of A Modern Woman?
342	Are both movies, The Little Thing (1923 Film) and Call Girl (2007 Film), from the same country?
343	Are Hugh Gough, 1St Viscount Gough and David Douglas (Wide Receiver) of the same nationality?
344	Who was born earlier, Joseph Peter Kinneary or Nando (Footballer, Born May 1967)?
345	Who is the father-in-law of Iset Ta-Hemdjert?
346	When did the director of film Poor Man'S Pudding die?
347	Where did the director of film Tarzan And The Jungle Boy die?
348	When did Adolphe-Philippe Caron's father die?
349	Are both villages, Batar Chakhar and Tang-E Esmail, located in the same country?
350	What is the date of birth of Derek Mckeith's mother?
351	Are the directors of both films When A Man'S A Man and Familien Gyldenkål from the same country?
352	When was the director of film The Pointing Finger (1919 Film) born?
353	When was the performer of song Did I Ever Tell You born?
354	What is the date of birth of the director of film Katanga Business?
355	Who is Layla Bint Abi Murrah Al-Thaqafi's mother-in-law?
356	Which country the director of film One Night In Yoshiwara is from?
357	Are both movies, A Ménesgazda and Brooklyn (Film), from the same country?
358	When was the director of film The Recruiter (2004 Film) born?
359	Does Donald Heiney have the same nationality as Song Binbin?
360	Where was the father of Benjamin Franklin Bache (Journalist) born?
361	Do both films Khoon Ki Keemat and Girls At Arms 2 have the directors from the same country?
362	Are both Gerald Berragan and Pol Verschuere from the same country?
363	Are Kaga, Republic Of Bashkortostan and Qezmazari located in the same country?
364	What is the date of death of Wolf Rüdiger Hess's mother?
365	Does Kristens Krīgers have the same nationality as Marlene Catterall?
366	Who is the father of Savivanh Savang?
367	Which film came out earlier, Starrbooty or Condemned To Live?
368	Where did the director of film Mr. Sampat die?
369	Do Cliff Cook and John Drawbridge have the same nationality?
370	What is the date of death of Konstantin Kuzakov's father?
371	Which film has the director died first, Eye Of The Eagle (1987 Film) or Tipi Da Spiaggia?
372	Who was born first, Peter Przygodda or Inga Broberg?
373	What is the place of birth of the director of film Allie & Me?
374	Which country the composer of film Diamond Skulls is from?
375	Who is the spouse of the director of film Angels In The Infield?
376	When did Nazperver Kadın's husband die?
377	Who was born first out of France Adamič and Gary Gabelich?
378	Are Riku, Savadkuh and Sheli both located in the same country?
379	Where was the director of film Ninì Tirabusciò: La Donna Che Inventò La Mossa born?
380	What is the date of death of the performer of song I Believe In Everything (Song)?
381	Where did the director of film Ten Canoes study?
382	Do both films New Dawn (Film) and The War Of The Oxen (1920 Film) have the directors from the same country?
383	Which country the director of film Left Behind Ii: Tribulation Force is from?
384	Do both films Sri Rama Pattabhishekam and Our Man In Havana (Film) have the directors from the same country?
385	When did Prince Waldemar Of Prussia (1868–1879)'s mother die?
386	Where was the place of death of the director of film The Road Through The Dark?
387	Do both directors of films City Of Ember and Oklahoma Blues share the same nationality?
388	Are Ovgoros and Wadi Qabbani located in the same country?
389	What is the date of death of Mirza Jahangir's father?
390	What nationality is the director of film The Sin Of Harold Diddlebock?
391	Who is the father of the performer of song Breaking News (Song)?
392	Are the directors of both films That Texas Jamboree and Adorable Lies from the same country?
393	Are both villages, Shakheh-Ye Sofla and Rig Sefid, Zagheh, located in the same country?
394	Are Hesar-E Shineh and Chah-E Tanureh located in the same country?
395	Do director of film The Somme (film) and director of film Tiger Thompson have the same nationality?
396	Which film came out earlier, In Again, Out Again or Free Willy 3: The Rescue?
397	What nationality is the director of film What Does Brigitte Want??
398	Where was the place of death of the director of film Beyond Justice?
399	Are Lords Lake (South Dakota) and Lough Gill located in the same country?
400	What is the date of birth of the director of film The Venetian Woman?
401	Who is younger, Dan Ceman or Joachim Fricker?
402	Where did the director of film An Everyday Story die?
403	Which country the composer of film Miss 420 is from?
404	Where did the director of film The Hand In The Trap die?
405	Which film has the director born first, Captain Phantom or Brasileirinho (Film)?
406	Which film has the director born later, After Earth or Banta ng Kahapon?
407	What is the place of birth of Edward Francis Fitzwilliam's father?
408	Which country the director of film The Girl Of The Golden West (1923 Film) is from?
409	Where was the director of film Food For Scandal born?
410	Are both Kord Khil-E Valam and Novoabzakovo located in the same country?
411	Who died earlier, John Friedmann or Thomas Seelye Arms?
412	Do both directors of films Know Your Men and Perdonami! share the same nationality?
413	Who was born earlier, Benjamin Abrams or Bobby Murdoch?
414	Were Joel Paris and Karim Bey Mehmandarov from the same country?
415	What is the date of death of the director of film Faustine Et Le Bel Été?
416	Which country the director of film Srivari Muchatlu is from?
417	Were Rufino Tamayo and Sana Mersni from the same country?
418	Are Hamifrats Central Railway Station and Holdorf (Oldb) Railway Station both located in the same country?
419	Are the directors of both films Rembrandt (1936 Film) and Her Fatal Millions from the same country?
420	Which album came out first, Louvação or Curtains (John Frusciante album)?
421	Where did the director of film Disorder (1962 Film) die?
422	What is the place of birth of the director of film Tess Of The Storm Country (1960 Film)?
423	Who is the founder of the company that published Foom?
424	Who is older, Pavel Gizgizov or Angela Mudge?
425	Did Lance Norick and Robert Whittaker have the same nationality?
426	Are the bands Put The Rifle Down and The Grace Thrillers, from the same country?
427	Who is the father of the director of film Emilie Högquist (Film)?
428	When did the director of film Radha Kalyanam (1981 Film) die?
429	Are Slovenly (Band) and Underground Zerø both from the same country?
430	Where was the place of death of the director of film My Own Pal?
431	Are the movies Pelli Chesi Choodu and Alfons Zitterbacke, from the same country?
432	Are Griff The Invisible and Winter Sleep (Film) both from the same country?
433	When is Joan Of Dampierre's mother's birthday?
434	Where did the director of film Nova Zembla (Film) study?
435	Do both Miriam (film) and Leadville Gunslinger films have the directors from the same country?
436	Are the movies God'S House (Film) and Natural Selection (2011 Film), from the same country?
437	What is the date of death of Cliff Durant's father?
438	What nationality is the director of film Let There Be Light (1998 Film)?
439	Who is Prince Christian Oscar Of Hanover's maternal grandmother?
440	Where was the director of film La Morte Risale A Ieri Sera born?
441	Are Mountainburg High School and Ludlow High School both located in the same country?
442	Are Sang-E Vares and Ganjgah both located in the same country?
443	Were Sam Faust and Kermet Apio of the same nationality?
444	Who died first, Phil Emmanuel or Matiu Dickson?
445	Where was the father of Philipp, Duke Of Saxe-Merseburg-Lauchstädt born?
446	Are both director of film Gaja Donga and director of film Nude Per L'Assassino from the same country?
447	What is the date of death of the director of film Celluloide?
448	When was the director of film Ninja Iii: The Domination born?
449	Who lived longer, Pannalal Barupal or Thomas Winterflood?
450	Where did Axel Braun's father graduate from?
451	What nationality is the director of film The Snowdrop Festival?
452	Where was the director of film Un Extraño En La Escalera born?
453	What is the place of birth of the director of film The Gigolo (1960 Film)?
454	Were Dan O'Connor (Prospector) and Hale Baugh from the same country?
455	Where does Julie Nixon Eisenhower's husband work at?
456	Are Tabu Ley Rochereau and Sheldon Rampton of the same nationality?
457	Where did the director of film Crocodile Dundee In Los Angeles study?
458	Who was born later, Cliff Rankin or Shen Lihong?
459	Are Sozar Subari and Julián Vara from the same country?
460	Where was the place of death of Ben Gage's wife?
461	When did the director of film Maigret Voit Rouge die?
462	Do both films The Invisible Life and Grand Canary (film) have the directors from the same country?
463	Who is the uncle of Phila (Daughter Of Antipater)?
464	Are both Sicko and The Sexplorer from the same country?
465	Do both films Happy Day (Film) and El Misterioso Señor Marquina have the directors from the same country?
466	When is the director of film Honeymoon Deferred (1951 Film) 's birthday?
467	Are The Great Commandment and The Night Is My Kingdom from the same country?
468	Where was the place of death of the director of film There Was A Castle With Forty Dogs?
469	Who was born first, Louis Mhlanga or Rex Goudie?
470	What is the date of birth of the director of film Along The Rio Grande?
471	Which film came out first, Could It Happen Here? or Forgotten Babies?
472	Which country the director of film Convicts 4 is from?
473	When did the director of film Namma Veettu Lakshmi die?
474	When was the director of film Way For A Sailor born?
475	What is the date of birth of Countess Palatine Irmengard Of The Rhine's husband?
476	When did April Winchell's father die?
477	Was Cíntia Santos or Kimmo Savolainen born first?
478	Do Nikolaos Triantafyllopoulos and Rıza Türmen have the same nationality?
479	What is the date of birth of the director of film Welcome To Hard Times (Film)?
480	Where did María Elena Holly's husband die?
481	Which film has the director born first, Last Plane Out or The Negro (Film)?
482	Where did the director of film The Woman Dressed As A Man die?
483	What is the date of birth of Michael Cobb's wife?
484	Are the movies For Better Or For Worse (Film) and Dance With Death (Film), from the same country?
485	Who died later, Sophia Bledsoe Herrick or Wilhelm Fliess?
486	What is the date of birth of the director of film Andrea, Paano Ba Ang Maging Isang Ina??
487	Where did Christopher Chaplin's mother graduate from?
488	Which film has the director born later, The Spanish Earth or Adalat O Ekti Meye?
489	What is the date of death of Martha Bullock's husband?
490	Why did the director of film The Little Hut die?
491	Who is the spouse of the director of film Twilight (1945 Film)?
492	Where did Soong Ching-Ling's husband die?
493	Where was the director of film Paris (1937 Film) born?
494	Which country the director of film Cornered! (Film) is from?
495	Are the movies Riders Of The Sage and Moonwalker, from the same country?
496	When did the composer of song I'M Crazy Over Every Girl In France die?
497	What is the place of birth of the director of film Karuvelam Pookkal?
498	When was the director of film Prey For The Shadows born?
499	Are both movies, Polly Pocket: Lunar Eclipse and Mafia (2002 Film), from the same country?
500	Are both directors of films The Blue Bird (1940 Film) and Bharya Biddalu from the same country?
501	Are both Bal Tabarin (Film) and Tag Und Nacht (Film) from the same country?
502	Do Rafael Carbonell and Emmanuel Brunet-Jailly share the same nationality?
503	Are Farmaniyeh and Deh-E Bala, Zarand located in the same country?
504	What is the date of death of the director of film Railroaded!?
505	Do both directors of films Public Enemies (1996 Film) and Secret Obsession share the same nationality?
506	Does Foster Campbell have the same nationality as Hjalmar Kinberg?
507	Which country the director of film Peaceful Warrior is from?
508	Were Froilan Calayag and Perico Sambeat from the same country?
509	Are both airports, Lamar County Airport and Barinas Airport, located in the same country?
510	What is the date of birth of the composer of film William Shatner'S Gonzo Ballet?
511	Who was born later, Jörg Helmdach or Edmund Hanson?
512	Do director of film Duvvada Jagannadham and director of film The Man Behind The Mask have the same nationality?
513	Are both Letterbreckaun and Mont Aiguille located in the same country?
514	When was the director of film Twist And Shout (Film) born?
515	Where did the director of film Beyond The Rocks (Film) die?
516	Who is younger, James Spearman Winter or Arrigo Miglio?
517	What is the date of death of the director of film Navy Blues (1937 Film)?
518	Who lived longer, Billy Todd or Salvador Videgain?
519	Are Zamanabad, Chaharmahal And Bakhtiari and Ashkuh both located in the same country?
520	Who is younger, Marvin E. Miller Sr. or John Hawkins (Author)?
521	What nationality is the director of film Lease Wife?
522	Do both films: Betty Of Greystone and Kaadhal Kavithai have the directors from the same country?
523	What nationality is the director of film The Ascent Of Little Lilian?
524	Who is the maternal grandfather of Margaret Of Hungary (Saint)?
525	Are Desperate Endeavors and My Name Is Thomas both from the same country?
526	Where was the place of death of the director of film The Private Life Of Louis Xiv?
527	Where was the place of death of the composer of film Mahapurush?
528	Are General Vanier Intermediate School and Ormeau Woods State High School both located in the same country?
529	Are director of film Asukh and director of film Super Size Me 2: Holy Chicken! both from the same country?
530	Which film has the director who died earlier, A Night'S Adventure or Insaciable?
531	Do both films: Desde Que Amanece Apetece and Danton (1921 Film) have the directors from the same country?
532	Did the movies Kahpe Bizans and The Treaty (Film), originate from the same country?
533	When did the performer of song Jeepers Creepers (Song) die?
534	Are both director of film Scandal At The Fledermaus and director of film House Of Angels – Third Time Lucky from the same country?
535	Are both Bullarto Railway Station and Harestua Station located in the same country?
536	Was Moya Dyring or Hartman H. Lomawaima born first?
537	Where was the director of film Perfume De Gardênia born?
538	Do both directors of films The French Lieutenant'S Woman (Film) and The Arrest Of A Pickpocket have the same nationality?
539	Who is the spouse of the director of film Fighting Man Of The Plains?
540	Are both Cornell, Wisconsin and Tashkalmashevo located in the same country?
541	Which film was released more recently, Godzilla Vs. Megalon or Sweet Love, Bitter (Film)?
542	Why did the director of film The Machine Age die?
543	Which film has the director who was born earlier, Honor Of The West or A Esposa Do Solteiro?
544	What is the date of death of the director of film You And Me (1975 Film)?
545	When did the performer of song G.I. Jive die?
546	Which film has the director born earlier, The Courageous Dr. Christian or Backdraft (Film)?
547	Who is Domangart Réti's paternal grandfather?
548	Which film has the director who died first, Joe Palooka In The Counterpunch or Hollywood Story?
549	Which film has the director who died first, Naseeb (1981 Film) or Fighting Trooper?
550	When was the performer of song Liberation (Lippy Lou Song) born?
551	Do Marcel Vonlanthen and Domenico Doardo share the same nationality?
552	What is the date of death of the director of film Rhodes Of Africa?
553	What is the place of birth of the composer of song I Was A Lover, A Leader Of Men?
554	Which film has the director born earlier, A Man Apart or A Society Sensation?
555	Are both Sopwith Camel (Band) and Filipinki from the same country?
556	Are Oh Jae-Moo and Jeff Danna from the same country?
557	Who is the spouse of the director of film The Trail Of The Octopus?
558	Are both villages, Donja Brvenica and Hajj Hoseyn Nikabady, located in the same country?
559	Which film has the director who was born earlier, Basic (Film) or Nine Hours To Rama?
560	Are both Spurgeon Neel and Henry Holden Huss from the same country?
561	Were Sonny Curtis and Archibald Douglas, 1St Duke Of Douglas of the same nationality?
562	When is the director of film The Last Outlaw (1936 Film) 's birthday?
563	Who is the father-in-law of Eleanor Of Castile (Died 1244)?
564	When was Ben Botica's father born?
565	Which film has the director died first, What Price Glory (1952 Film) or An Old Sweetheart Of Mine?
566	When was the performer of song White Summer born?
567	What is the place of birth of the composer of film Krishna (1996 Tamil Film)?
568	What nationality is Ingrid Laubrock's husband?
569	What is the date of birth of the director of film South Of The Border (1939 Film)?
570	What is the place of birth of the director of film The Revenge Of Ivanhoe?
571	Who is older, Shallum Pires or Peter Franco?
572	Who is Wenceslaus Of Krosno's paternal grandfather?
573	Are Shib-E Talabad and Kardgar Kola, Babol located in the same country?
574	Are Hoseynabad, Khonj and Atal, Astrakhan Oblast both located in the same country?
575	Where did the performer of song After The Dance (Song) die?
576	Do Don Perkins and Julius Saaristo have the same nationality?
577	Where did the performer of song On The Beat (Song) die?
578	When is Karl Johann Von Königsmarck's father's birthday?
579	Was Cian O'Sullivan or Sexy Cora born first?
580	Where was the place of death of the composer of film Kalippattam?
581	When was the director of film Viva La Vie born?
582	Are Max Tortora and William Soules from the same country?
583	Which film came out earlier, Outer Space Jitters or The Man With The Golden Soles?
584	Are Weeze Airport and Lae Nadzab Airport located in the same country?
585	Where was the director of film Radio Stories born?
586	Did Kip Janvrin and Serhiy Priz have the same nationality?
587	Are Bir Ma'in and Shahrestan, Khoshk-e Bijar located in the same country?
588	Where was the director of film Club Sandwich (Film) born?
589	Which film has the director who is older, Behind Prison Gates or The Lady Owner?
590	Are both villages, Javadiyeh, Markazi and Visak, located in the same country?
591	Do Cédric Garcia and Amrit Bhattarai share the same nationality?
592	What is the date of death of the director of film Once Before I Die?
593	Where was the place of death of the director of film The Vagabond Prince?
594	Are both villages, Falizan and Eyvanabad, located in the same country?
595	Which film has the director born earlier, Songs And Saddles or The Poor Little Rich Girl?
596	When is the director of film Into The White 's birthday?
597	Where was the director of film Deewane Tere Pyar Ke born?
598	Where did the director of film Outwitted (1925 Film) die?
599	When did the director of film Rathna Manjari die?
600	Are both villages, Khwein Elshaer and El Khoubna, located in the same country?
601	Do director of film Madness in the Method and director of film Pervert! share the same nationality?
602	Which film has the director who is older, Smiley Gets A Gun or Frankenstein And The Monster From Hell?
603	Do Gordon Lowe and Eddie Murphy (Baseball) have the same nationality?
604	Do director of film Riders Of The Deadline and director of film Vaanam share the same nationality?
605	Are Sharifabad, Andika and Qaleh Now-Ye Fariman located in the same country?
606	Were Michael De La Pole, 3Rd Earl Of Suffolk and Sepp Wildgruber from the same country?
607	Where was the place of burial of Christiane Eberhardine Of Brandenburg-Bayreuth's husband?
608	Are both directors of films My Dear Muthachan and The Mysterious X from the same country?
609	Are both lakes, Lake Alice (Hubbard County, Minnesota) and Lai Da Ravais-Ch, located in the same country?
610	Are Antonio Del Rosario and Supriya Karnik both from the same country?
611	What is the date of death of the director of film Paappi Devataa?
612	What is the place of birth of the director of film Uptown Girls?
613	Do director of film The Shooter (2013 film) and director of film The Viking Sagas share the same nationality?
614	Who is the father of the director of film Missing Women (Film)?
615	When is Aline Mayrisch De Saint-Hubert's husband's birthday?
616	When was the director of film In High Places (1943 Film) born?
617	Do Thistle Yolette Harris and John Ronald Tovey have the same nationality?
618	Which film has the director born later, Razmeđa or Bullyparade – Der Film?
619	Do both films: The Island (2011 film) and The Insider (film) have the directors from the same country?
620	What is the date of birth of the director of film The Vintage?
621	Are both villages, Biezelinge and Larzian, located in the same country?
622	What is the date of birth of the director of film Private Parts (1997 Film)?
623	Are Nomreh-Ye Do, Haftkel and Perekopskaya both located in the same country?
624	Are Saul N. Ramirez Jr. and Tayler Hill both from the same country?
625	What is the date of death of Beatrice, Countess Of Alburquerque's mother?
626	Who is the child of the director of film Smashing Through?
627	Which film has the director born later, Room In Rome or The Loves Of Carmen (1948 Film)?
628	Do both films Tough to Handle and The Forgotten (2004 film) have the directors from the same country?
629	What is the date of death of the director of film Ballade På Christianshavn?
630	Do both films The Creator (Film) and The Woman Without Nerves have the directors from the same country?
631	What nationality is the performer of song Wild In The Country (Elvis Presley Song)?
632	Did André Hakim and Harry Hartsell have the same nationality?
633	When is the director of film Down Home (Film) 's birthday?
634	What is the award that the director of film The River'S End (Film) earned?
635	When did the director of film Scandal At Scourie die?
636	Were both Eddie Kelly (Hurler) and Marciano Norman, born in the same place?
637	Who was born first out of Nur Serter and Gabe Vincent?
638	What is the cause of death of Julie Nixon Eisenhower's mother?
639	Do both directors of films Over The Edge (Film) and Code Of The Saddle share the same nationality?
640	Which country the director of film Over To Delhi is from?
641	When is the director of film A Musical War Of Love 's birthday?
642	Do both films: The Secret Of Madame Blanche and Dasima have the directors from the same country?
643	When was the director of film Battles Of Chief Pontiac born?
644	Are Alberto Rivera Pizarro and William G. Rohrer from the same country?
645	Are Helter Skelter Publishing and Beaudley located in the same country?
646	Where was the composer of film The Last Picture Show born?
647	Which film was released earlier, Major Payne or The Flyin' Cowboy?
648	Who is older, Zhang Zongchang or Marianne Rokne?
649	What nationality is the director of film Old Mamsell'S Secret?
650	Does Yann Pivois have the same nationality as George W. Sarbacher Jr.?
651	Who is Henry Clifford, 2Nd Earl Of Cumberland's mother-in-law?
652	Which film was released earlier, Pułkownik Kwiatkowski or Tuesday (Film)?
653	Which country the director of film Silver Threads Among The Gold (1911 Film) is from?
654	Which film has the director died first, Convict 99 or Paradise For Two (1927 Film)?
655	Which country the director of film Frasquita is from?
656	When did Margaret Flamsteed's husband die?
657	What is the date of death of the director of film The King Of The Street Cleaners?
658	What is the award that the director of film Young Eagles (Film) won?
659	Where was the place of burial of the director of film Gold In The Street?
660	What nationality is the director of film Swing Shift Maisie?
661	Which film has the director who is older, Hold Back The Night or The Last Night Of The Barbary Coast?
662	Which film was released first, Different From The Others or Connecting Rooms?
663	What is the date of death of Ludwig Of Hanau-Lichtenberg's mother?
664	When was the director of film Black Rose Is An Emblem Of Sorrow, Red Rose Is An Emblem Of Love born?
665	Who was born first out of Maarten 'T Hart and Frederick Orton Hamilton?
666	Do both films, Nammanna Don and Love Me No More (Film), have the directors who are from the same country?
667	Which film has the director who is older, Stepping Lively or Convict Stage?
668	Are the movies Züri Brännt (Film) and Condemned (1929 Film), from the same country?
669	Who was born first out of Shane O'Connor (Skier) and Ray Hicks?
670	Where was the composer of film The Young Magician (Film) born?
671	Do Wilfred Limonious and Hans Natonek share the same nationality?
672	Are the directors of films Disturbia (film) and Nemesis (1992 film) both from the same country?
673	Are Darband, Kurdistan and Alan, East Azerbaijan located in the same country?
674	Who is younger, John Oulton or Andrew Demetriou?
675	Do director of film Crocodile Dundee In Los Angeles and director of film Life At The Top (Film) have the same nationality?
676	Who is the father of the composer of film Naanum Rowdy Dhaan?
677	Where did the director of film Jane Eyre (1996 Film) die?
678	Where was the place of death of the performer of song Şuşanın Dağları Başı Dumanlı?
679	Where was the place of death of the director of film Never Say Quit?
680	Who was born first out of Axel Danielsson and David Tomblin?
681	Did the movies Paru-Parong Bukid and Agon (Film), originate from the same country?
682	Do director of film The Subject and director of film La Terrazza share the same nationality?
683	When is the director of film The Night Club Queen 's birthday?
684	Are Ardeshiri-Ye Bala and Takht Arreh Yek located in the same country?
685	What nationality is the director of film School Master (2010 Film)?
686	Which country the composer of song Songbird (Bernard Fanning Song) is from?
687	Are Whole Wheat Bread (band) and Dreamscape (band) both from the same country?
688	Where did the director of film Return Of A Citizen die?
689	Do Carmelo Micciche and Graham Liggins share the same nationality?
690	Do both films, The Port Of Doom and Big Daddy (1999 Film), have the directors who are from the same country?
691	When is the performer of song In Ankhon Ki Masti Ke 's birthday?
692	Where was the place of death of the director of film Kiss Of Araby?
693	Where was the place of death of the director of film Kuberan (2000 Film)?
694	Where did the director of film Guns And Guitars die?
695	What is the date of death of the director of film That Sweet Word: Liberty!?
696	Who is Humphrey, Duke Of Gloucester's paternal grandmother?
697	Do Andries Kinsbergen and Jakob Ritter Von Danner have the same nationality?
698	What nationality is the director of film Clancy Street Boys?
699	Are director of film The Squeeze (1987 Film) and director of film Web Of The Spider both from the same country?
700	Which country the director of film Imperative (Film) is from?
701	When was George Chubb, 1St Baron Hayter's father born?
702	What is the date of death of the director of film For You I Have Sinned?
703	What is the date of birth of Pat Fordice's husband?
704	Which film came out earlier, Voter (Film) or Flowers From Nice?
705	Did the bands Kool & The Gang and The Rej3Ctz, originate from the same country?
706	Are Umaru Musa Yar'adua University and Vishwa Vishwani Institute of Systems and Management located in the same country?
707	When was Baron Alphons Von Pawel-Rammingen's wife born?
708	Where was the place of death of the director of film Port Of Seven Seas?
709	When was Queen Noguk's husband born?
710	Do both directors of films Battle Of Roses and Ramadasu have the same nationality?
711	Are Lilies Handayani and Jan Maree Tennent of the same nationality?
712	Which film has the director who is older, The Bedford Incident or The Kiss Of The Vampire?
713	Who died first, Dallas Pratt or Arthur James Armstrong?
714	Which film has the director died later, Shootin' For Love or The Other Life Of Captain Contreras?
715	Are Plainfield North High School and Bridgeton High School both located in the same country?
716	Are both George Rickards (Politician) and Maija Kovaļevska from the same country?
717	What nationality is the director of film Poor Little Sif?
718	When did the director of film Sylvia (1965 Film) die?
719	Do director of film Kaalbela and director of film The Most Beautiful Wife have the same nationality?
720	Which film has the director who is older, Fort Apache, The Bronx or Barberousse?
721	What is the award that the composer of film Okka Kshanam won?
722	Are Nychalakh and Kavalaq, West Azerbaijan both located in the same country?
723	Are the directors of films My Sister Eileen (1955 Film) and The Gun That Won The West both from the same country?
724	Which country the director of film City Beneath The Sea (1953 Film) is from?
725	Where did the director of film Taylor Mead'S Ass die?
726	Are both lakes, Lake Baldegg and Lake Okeechobee, located in the same country?
727	Does Franklin A. Long have the same nationality as Clayton Landey?
728	Which film came out first, Fifty Fathoms Deep or Cool Breeze (Film)?
729	When was Princess Florestine Of Monaco's father born?
730	When was the director of film Without Fear Or Blame born?
731	Where was the director of film Clear The Decks born?
732	Did Wilhelm Heinrich Erb and Biagio Biagetti have the same nationality?
733	Are Dowlatabad, Chenaran and Asadabad-E Bala, Isfahan located in the same country?
734	Where did Herbert Furth's mother die?
735	Do the movies I Was Monty'S Double (Film) and Vlad Țepeș (Film), originate from the same country?
736	What is the cause of death of director of film Tai-Pan (Film)?
737	When did the director of film Oorige Upakari die?
738	Who is younger, Peter Quill (Footballer) or Alonzo T. Washington?
739	When was the director of film .Com For Murder born?
740	Are Louis Sanmarco and Helge Sandvik both from the same country?
741	Are the directors of films Creezy (Film) and Into The Fire (1988 Film) both from the same country?
742	Where was the director of film As I Open My Eyes born?
743	Which film has the director died first, Eleni (Film) or Hunted Men?
744	Are both museums, Aksaray Museum and Jim Gatchell Memorial Museum, located in the same country?
745	Are Cvo Skool Pretoria and Toronto Japanese School located in the same country?
746	What nationality is the performer of song A Holly Jolly Christmas?
747	Are both directors of films The Hard Part Begins and No Place for a Lady from the same country?
748	What is the date of death of Hercules Taylour's father?
749	Why did the director of film An Angel From Texas die?
750	Where was the place of death of Archduchess Anna Of Austria's husband?
751	Who is younger, Tang Deshang or Arturo Porro (Sport Shooter)?
752	When is the director of film Moon In Scorpio 's birthday?
753	Who was born earlier, Zehra Borazancı or Hassan Gouled Aptidon?
754	Who is the paternal grandmother of Andronikos Angelos Palaiologos?
755	What is the place of birth of Jacques Cassini's father?
756	What is the date of death of the composer of song Boy! What Love Has Done To Me!?
757	Do both directors of films Just Like Home (1978 Film) and Casa De Mi Padre share the same nationality?
758	Are both villages, Shahrak-E Mohammad Reza Asadpur and Fountainstown, located in the same country?
759	Are In A World... and Strangler Of The Swamp from the same country?
760	Are Ahmad Syafi'i Maarif and Mukund Varadarajan of the same nationality?
761	Which film whose director was born first, Seis Días En La Oscuridad or Duck In Orange Sauce?
762	Where was the place of death of the director of film The Strongest Instinct?
763	What nationality is the performer of song Go To The Mardi Gras?
764	Which country the composer of film At Last, Okemah! is from?
765	Who was born first, Mckeeva Bush or Owen Evans (Rugby Player)?
766	Which one was established first, Klöckner Pentaplast or Xylem Inc.?
767	When did Frédéric Boulanger's wife die?
768	Which country the director of film A Mighty Heart (Film) is from?
769	Are the directors of both films Mayuri (Film) and California (1947 Film) from the same country?
770	Were Mick Wallace and Justin Van Tergouw from the same country?
771	What is the date of death of Theuderic I's father?
772	Do both films Where The Wild Things Are (Film) and A Modern Hero have the directors from the same country?
773	Do both films, The Horrible Dr. Hichcock and Zona J, have the directors who are from the same country?
774	When was the composer of song I See Fire born?
775	Do both films, 4426 and El Extraño Caso Del Doctor Fausto, have the directors who are from the same country?
776	Which film has the director who died later, Not Without Gisela or You Have To Run Fast?
777	Do Dorina Nowill and Martin Fong share the same nationality?
778	When did the director of film You Will Be A Duchess die?
779	When was the director of film The Lion'S Den (1919 Film) born?
780	What is the date of death of Bandar Bin Saud Bin Abdulaziz Al Saud's father?
781	"Which film came out first, Dr. Wai In ""The Scripture With No Words"" or Aag Ka Toofan?"
782	Which film has the director who is older than the other, Oh, Kay! (Film) or The Rose Bowl Story? 
783	Which film has the director who died first, Born Free or Amaidhi Padai?
784	Who was born later, William Crump (Gardener) or Davit Khutsishvili?
785	Are Alamdeh-E Gharbi and Amir Bekandeh located in the same country?
786	What is the date of birth of the director of film Law Of The Border?
787	Which film has the director died first, King Solomon Of Broadway or Apaches Of Paris?
788	Where was the director of film La Descarriada born?
789	Who was born first out of Jóhann Gunnar Sigurðsson and Dirck Van Os?
790	Do both directors of films Watchman Vadivel and The Green Archer (1961 Film) share the same nationality?
791	What is the place of birth of the composer of film Kazhukan?
792	Are both director of film Code 8 (2016 film) and director of film Louise Dahl-Wolfe: Painting with Light from the same country?
793	Which film came out first, Sluttish (Film) or The Straight Way?
794	When did the director of film Redheads On Parade die?
795	Are director of film My Own United States and director of film Anton (1973 film) from the same country?
796	What is the place of birth of the director of film Chivalrous Charley?
797	Are the directors of films Janda Pai Kapiraju and Women'S Town both from the same country?
798	Are both directors of films Blues Metropolitano and Forced Confessions from the same country?
799	Were both Ignacio González González and Adolphe-Marie Hardy, born in the same place?
800	Which film has the director who died earlier, Betty (Film) or Lady Behave!?
801	What is the date of birth of the director of film Zwemplaats Voor Jongelingen Te Amsterdam?
802	Are both Carmen Souza and Alida Withoos from the same country?
803	Why did Nona Gaye's father die?
804	When did the director of film The Young Land die?
805	Are Concrete Romance and Tatyana'S Day both from the same country?
806	Are both director of film The Victory Leaders and director of film Dangerous to Know from the same country?
807	Where did the performer of song Escape (Misia Song) study?
808	Who is older, Thomas Kennedy (Raf Officer) or Raoul Nordling?
809	Where did the director of film Malliswari (2004 Film) study?
810	What is the date of death of Jane Alice Morris's mother?
811	Which award the performer of song Haunt Me received?
812	Are Wicked Blood and It Follows both from the same country?
813	Did the bands Band Of Gold (Band) and The Domino State, originate from the same country?
814	What nationality is the director of film The Greatest Power?
815	Which film has the director who was born earlier, The Man Who Won or Nýtt Líf?
816	Where was the place of death of the director of film Goodbye Youth (1927 Film)?
817	Who is the spouse of the performer of song Flight 643?
818	When did the director of film Oonjaal die?
819	Which film has the director born first, Meet Miss Bobby Socks or Bad Eggs?
820	When did the director of film The Spitfire (1914 Film) die?
821	Are both high schools, Cumberland County Technology Education Center and Olentangy High School, located in the same country?
822	Who is the spouse of the performer of song Chasing The Sun (Hilary Duff Song)?
823	What nationality is the director of film Mistress (1992 Film)?
824	When is the director of film Robbery (1897 Film) 's birthday?
825	When is the director of film Pension Mimosas 's birthday?
826	When did the director of film A Wedding In The Dream die?
827	Do both films Malamukalile Daivam and Burning Up Broadway have the directors from the same country?
828	Where was the place of death of the director of film Beloved Jim?
829	Are Shayla Beesley and Sergei Klevtsov both from the same country?
830	Where was the director of film You Can'T Get Away With Murder born?
831	What is the date of death of the director of film Land Of The Outlaws?
832	Are both Fletcher'S Meadow Secondary School and Richards Career Academy located in the same country?
833	When was the director of film Western Jamboree born?
834	When is the director of film This Man In Paris 's birthday?
835	What is the date of death of the director of film Don'T Make Waves?
836	Who is the spouse of the director of film Henry Goes Arizona?
837	Do both directors of films Childish Things (Film) and The Boys Didn'T Wear Hair Gel Before have the same nationality?
838	When is the director of film Red Line (1959 Film) 's birthday?
839	Who was born first out of Walter Lambertus and Ingeborg Meyer-Rey?
840	Where was the director of film The Crooked Trail born?
841	Where was the place of death of the director of film Vikramaditya (Film)?
842	When is the director of film Mon Amie Victoria 's birthday?
843	Which country the director of film Tata Manavadu is from?
844	Are both high schools, Geneseo Middle/High School and Queen Of Peace High School (Illinois), located in the same country?
845	What is the date of death of the director of film Spitfire (1934 Film)?
846	Who is the paternal grandfather of Bjaðmunjo Mýrjartaksdóttir?
847	Where was the place of death of the composer of film Kudamattam?
848	Did Bruno Teles and Hadley Caliman share the same nationality?
849	Which film has the director who is older, Mod (Film) or La Compagna Di Banco?
850	Are both Unfinished Business (2009 Film) and The Reasons Of The Heart from the same country?
851	What is the place of birth of the director of film Vacations In Acapulco?
852	What nationality is the director of film Dark Water (2005 Film)?
853	What is the date of death of the composer of film Prachanda Putanigalu?
854	Who lived longer, Frances Ellen Work or Frederick Olen Mercer?
855	When was the director of film Die Arche born?
856	Who is younger, Guy De Rothschild or Dmytro Parfenov?
857	Why did Pankaja Munde's father die?
858	Which country the director of film Back Street (1941 Film) is from?
859	What is the date of death of the composer of film Veedu Theda?
860	Are the directors of films Nandanam (Film) and Safety Not Guaranteed both from the same country?
861	What is the place of birth of the director of film The Pointing Finger (1922 Film)?
862	What nationality is the composer of film Tulasi Dalam (Film)?
863	What is the place of birth of Alexander Stockton Cussons's father?
864	Are both McLeod River (British Columbia) and Waikare River (Northland) located in the same country?
865	Which country the performer of song Dream Dancing (Cole Porter Song) is from?
866	When did the composer of film Charulata die?
867	Are Taldou and Hajji Beyk-E Olya located in the same country?
868	Do both directors of films Lure Of The Gold and Nocturne Of Love (1919 Film) have the same nationality?
869	Where does the performer of song Brains! work at?
870	Did Eric Dover and Lamberto Giorgis have the same nationality?
871	Do both films, Normal Life and The Pinto Bandit, have the directors who are from the same country?
872	When did the composer of film Zimbo (Film) die?
873	Which album came out first, Does Fort Worth Ever Cross Your Mind or The Soul Album?
874	Are Incheh Salah-E Olya and Ameixial located in the same country?
875	Who is older, Frank Dillane or Charles De Wendel?
876	Are The Blue Veil (1951 film) and Negatives (1968 film) from the same country?
877	What is the date of birth of the composer of film The Vagabonds (1916 Film)?
878	What is the place of birth of the director of film Faust: Love Of The Damned?
879	Do Lorraine Rosenberg and James Gossland share the same nationality?
880	Which country Imperial Noble Consort Gongsu's husband is from?
881	Who lived longer, Jeremy Francis Gilmer or Charles Healy?
882	Who is the child of the director of film Kaala Rathri?
883	Are Crandon, Wisconsin and Gorno Egri both located in the same country?
884	Are both Aleksandra Mirosław and James Carroll Beckwith from the same country?
885	Who is younger, Hugo Heermann or Reuben Ewing?
886	Why did the director of film Paper Bullets die?
887	Are both directors of films Bebbuli and Pindorama (film) from the same country?
888	Where did the director of film The Enchanted Barn die?
889	Who is the spouse of the director of film Three Monkeys?
890	What is the place of birth of the director of film The Condemned 2?
891	Which country the director of film Fighting Love is from?
892	Are the movies Star Trek IV: The Voyage Home and Little Devil May Care, from the same country?
893	Who was born earlier, Faizal Yusof or Lenore Glen Offord?
894	What is the place of birth of the director of film Bear (2010 Film)?
895	Are both The Barrier (1926 Film) and Hoboken Hollow from the same country?
896	What is the cause of death of director of film A Friendly Husband?
897	Are both Balaibania and Rashtin located in the same country?
898	Are both villages, Sang-E Sefid, Tuyserkan and Amirabad-E Amirqoli, located in the same country?
899	Does Frank Adcock have the same nationality as Mickey Guyton?
900	Are both Kudryashovo and Qleiat Eltubiyeh located in the same country?
901	When did Henry Iv, Duke Of Brabant's mother die?
902	Are the directors of both films Secret Window and An Ancient Tale: When The Sun Was A God from the same country?
903	What is the date of death of Georges Charpentier's wife?
904	Which film has the director who died first, Durango Valley Raiders or Black Feathers?
905	What is the place of birth of the director of film Across The Pacific (1926 Film)?
906	Are 13 Fighting Men and The Donkey King from the same country?
907	Who was born later, Lillian Lehman or Stanisław Niwiński?
908	Which country the director of film Superfly (2018 Film) is from?
909	What is the date of death of the performer of song A Guy Is A Guy?
910	Which country the performer of song I'Ve Found A New Baby is from?
911	Are Khumkar and Dol Dol Bolaghi located in the same country?
912	Are both Cheshmeh-Ye Sargdar and Zargar-E Barzand located in the same country?
913	Are the directors of both films Inhale (Film) and Colt 38 Special Squad from the same country?
914	Are Chah Shirin, Fars and Krasnye Chetai both located in the same country?
915	Are the directors of both films Hands Across the Border and Career Girls from the same country?
916	What is the place of birth of the director of film Kedi (2010 Film)?
917	Do both films, Maud Rockefeller'S Bet and Lulu Femme Nue, have the directors who are from the same country?
918	What is the date of death of the director of film Brides Are Like That?
919	When was the director of film Return Of The Seven born?
920	Are both director of film The Golden Cage (1933 Film) and director of film Raggedy Man from the same country?
921	Who was born first, Barbro Holmberg or Nathan Soule?
922	Are both A Face in the Fog and Azonto Ghost from the same country?
923	Which film was released more recently, Unbroken: Path To Redemption or Armored (Film)?
924	Where was the place of burial of the performer of song First In Line (Song)?
925	Were both Charles Liedts and Lea Lublin, born in the same place?
926	Are Lyons Township High School and Lisbon High School (Maine) both located in the same country?
927	Are Fight Back To School Ii and Certains L'Aiment Froide both from the same country?
928	Do director of film Sex Positive and director of film Guru Paarvai share the same nationality?
929	Do both films: Spain Again and Suburbicon have the directors from the same country?
930	Where was the director of film It Happened On 5Th Avenue born?
931	Who was born later, Percy Sayegh or Norman Ault?
932	Where did the director of film The Untamed (1920 Film) die?
933	Are both Henequen (Film) and Secrets Of A Sorority Girl from the same country?
934	Are Sebeș (Cibin) and Putna (Siret) located in the same country?
935	Are the directors of films Poonthenaruvi and Fun In The Barracks both from the same country?
936	Are both mountains, Black Rock (West Virginia) and Grassy Mountain (Wayne County, Missouri), located in the same country?
937	Do both directors of films A Woman Of Distinction and Cocoon: The Return share the same nationality?
938	Who was born first, Erland Van Lidth De Jeude or David Tatham?
939	When did the composer of film Andru Kanda Mugam die?
940	When was the director of film The Harbour Lights (1923 Film) born?
941	What nationality is the director of film Yamadonga?
942	What nationality is the director of film Khatta Meetha (2010 Film)?
943	What nationality is the director of film For The Love Of Rusty?
944	Do both The Buccaneer (1938 Film) and Law Abiding Citizen films have the directors from the same country?
945	When did Ahmed Iii's father die?
946	Which film has the director who was born first, The Devil'S Gondola or The Sins Of Ilsa?
947	When was the director of film Wings Of Glass born?
948	What is the place of birth of the director of film The Midnight Alarm?
949	Which song came out earlier, Do The Bartman or Blue Skies (Noah And The Whale Song)?
950	Do both films The Hawk (1935 Film) and M. Kumaran Son Of Mahalakshmi have the directors that share the same nationality?
951	What is the date of birth of the director of film The Way We Are (Film)?
952	Which film whose director was born first, Mad Dog Time or Seclusion Near A Forest?
953	When was the performer of song Pareho Tayo born?
954	Do Juan Pablo Magallanes and Bud Shrake share the same nationality?
955	Where was the place of burial of the director of film Young Dr. Kildare?
956	Are Agzu and Karat, Hormozgan both located in the same country?
957	Are both Mokranje and Cheshmeh Kuh Hoseynabad located in the same country?
958	Do both films Neither Rich nor Poor and Burning Palms (film) have the directors that share the same nationality?
959	Did Lisen Hockings and Jean-Louis Mandel share the same nationality?
960	Do director of film Boss Of Bullion City and director of film Renigunta (Film) share the same nationality?
961	Which film came out first, Dc Super Hero Girls: Hero Of The Year or Americas In Transition?
962	Who is Anna De' Medici, Archduchess Of Austria's paternal grandmother?
963	What is the cause of death of director of film Overland Red?
964	Are the directors of both films Naukar Biwi Ka and Rising To The Bait from the same country?
965	Where did the director of film Avalanche (1928 Film) die?
966	Are both movies, The Crescent (Film) and Little Ashes, from the same country?
967	When did Louis-Abraham Van Loo's father die?
968	Which country the composer of song A Foggy Day is from?
969	Are the directors of both films Jetpiloter and Life Itself (2018 film) from the same country?
970	Which country the director of film Kiss The Bride Goodbye is from?
971	What is the date of death of the director of film The Wild North?
972	Were Anton Šoltis and Rolf Berggren from the same country?
973	Which film was released more recently, Idyla Ze Staré Prahy or The Chronicles Of Narnia: The Voyage Of The Dawn Treader?
974	What is the place of birth of the director of film No Man'S Land (1987 Film)?
975	Where was the place of death of the director of film The Countess Of Paris?
976	Which film has the director who was born earlier, The Sea Hornet or The Program (2015 Film)?
977	Are Burning Daylight: The Adventures of 'Burning Daylight' in Alaska and Jericho (1937 film) from the same country?
978	Which country the director of film Bhale Dampathulu is from?
979	Do the bands Modest Mouse and Overseas (Band), originate from the same country?
980	Where was the director of film Aap Ke Saath born?
981	When did the director of film Her Own Free Will die?
982	Are Lucas Tirigall Caste and Naphtali Hirz Wessely both from the same country?
983	What nationality is the director of film Porky'S Revenge!?
984	What is the date of death of the director of film Garibaldi (Film)?
985	Which film has the director born first, Twilight On The Rio Grande or Sound Of The Desert?
986	Which country the director of film End Of A Priest is from?
987	Were both Sharm Scheuerman and Sixten Sild, born in the same place?
988	Are both directors of films Black Or White (Film) and The Other Guys from the same country?
989	Do director of film Prison Ship and director of film Aan Baan (1972 Film) have the same nationality?
990	Do both directors of films The Cliff Of Sin and Little Jacques (1934 Film) share the same nationality?
991	Where was the place of death of the director of film Six-Gun Gold?
992	Do both films That Night In Varennes and Den Starkaste have the directors from the same country?
993	Do Mark White and Drusilla Dunjee Houston have the same nationality?
994	Are both Dowlatabad-E Qeysariyeh and Duzan located in the same country?
995	Who is the child of the director of film The Singer Of Naples?
996	What is the place of birth of the director of film Alias Mike Moran?
997	Which film has the director died earlier, Lure Of The Gold or Nocturne Of Love (1919 Film)?
998	Do director of film Zila Ghaziabad and director of film Teree Sang share the same nationality?
999	What is the date of birth of the director of film Li Chiamarono... Briganti!?
1000	Did Haane Manahi and Matic Reja share the same nationality?
1001	What is the place of birth of Lucian Freud's father?
1002	Where did the performer of song House Party (Meek Mill Song) go to prison?
1003	Which film has the director who was born later, Black & White (2008 Hindi Film) or Amsterdam Vice?
1004	What is the date of death of the director of film Jasper And The Haunted House?
1005	Do both directors of films Shegavicha Rana Gajanan and Her Alibi have the same nationality?
1006	Do both directors of films Girl 6 and Beauty and the Paparazzo have the same nationality?
1007	Which country the director of film Kaun? is from?
1008	Are National Insurance Corporation and California Newspapers Partnership both located in the same country?
1009	Are the directors of films Afterwards and Grill Point both from the same country?
1010	Which one was established first, Schneider Kreuznach or Nilesat?
1011	What nationality is the performer of song Calling You (Hank Williams Song)?
1012	Where did the director of film Man About Town (1932 Film) die?
1013	What is the date of birth of the director of film Henry Vi, Part 1 (Film)?
1014	Which film has the director who died later, The Capture (Film) or The Last Stage?
1015	What is the date of death of Odoardo Farnese, Hereditary Prince Of Parma's father?
1016	Who was born first, Jahid Hasan Ameli or Jana Nikolovska?
1017	Which film has the director who died later, The Student Prince (Film) or Blood And Roses?
1018	Which country the director of film Gang Leader (2019 Film) is from?
1019	Which film has the director who is older than the other, Tiny Times 3 or Being Rose? 
1020	Which film was released earlier, The Doom Generation or Cold Deck?
1021	Which film has the director who was born later, My Depression (The Up And Down And Up Of It) or Beyond All Limits?
1022	When did the director of film The Girl Spy: An Incident Of The Civil War die?
1023	Where was the place of death of the performer of song The Song Of The Heart?
1024	Which film has the director who died later, Once Upon A Time (1994 Film) or Don Olsen Kommer Til Byen?
1025	Where did Köprülüzade Fazıl Mustafa Pasha's father die?
1026	What is the date of birth of the performer of song Should I Go?
1027	When is the director of film Your Hands On My Body 's birthday?
1028	Where was the director of film These Wilder Years born?
1029	Who is Walter V, Count Of Brienne's father-in-law?
1030	When was the performer of song Delaware (Song) born?
1031	Which album came out first, Slap-Happy or Best Kept Secret (Jennifer Paige Album)?
1032	Where did the director of film The Gun Hawk die?
1033	Who died later, Amy Porter Rapp or Duncan Paterson?
1034	Where was the director of film Aftershock (2010 Film) born?
1035	Which film has the director born earlier, Anthardaaham or Sinister Hands?
1036	Which film has the director who was born earlier, Ridin' Pretty or How Strange To Be Named Federico?
1037	Do both films From Man To Man and Battle Of The Sexes (1920 Film) have the directors from the same country?
1038	Which country the director of film Call Me Bwana is from?
1039	Which film has the director who died first, The Revenge Of Roger or Challenge Of The Gladiator?
1040	Are director of film Namibia: The Struggle For Liberation and director of film Far Til Fire Med Fuld Musik from the same country?
1041	When did the composer of film The Bells Go Down die?
1042	Were Goodwin Liu and Marianne Apostolides from the same country?
1043	What is the date of birth of the director of film Belle Maman?
1044	What is the place of birth of the director of film Aranyakam?
1045	Does Louis Carré have the same nationality as Nicolai Ghiaurov?
1046	What is the date of death of the director of film Lakshmi Nivasam?
1047	What nationality is the director of film Wonderland (1931 Film)?
1048	Are Añorada Airport and Kamina Airport located in the same country?
1049	When did the director of film The Three Around Christine die?
1050	Do both films, A Man For Emmanuelle and Sultanes Del Sur, have the directors who are from the same country?
1051	Who was born first, John Hollingshead or Desmond Doyle (Dancer)?
1052	What is the place of birth of the composer of film Missi (Film)?
1053	What is the date of death of the director of film Three-Cornered Moon?
1054	Which film has the director born later, The Lion And The Mouse (1928 Film) or Scarlet Pages?
1055	Which film has the director who is older, Without Limit or Karwat?
1056	Which country the director of film Brylcream Boulevard is from?
1057	Do both directors of films Kakana Kote and Carl Gustav, Gjengen Og Parkeringsbandittene have the same nationality?
1058	Who was born later, Yeliz Açar or Neddy Smith?
1059	Are Haga Echo Temple and Metcalfe Hall located in the same country?
1060	What is the award that the director of film The President Vanishes (Film) got?
1061	What nationality is Charles Iii, Prince Of Monaco's mother?
1062	When did the performer of song I'Ve Got My Captain Working For Me Now die?
1063	What nationality is the performer of song She'S Got It?
1064	Are both lakes, Cady Lake and Sandsvatn, located in the same country?
1065	Do both directors of films Mobs, Inc. and You and I (1938 film) share the same nationality?
1066	Are Kuryatmasovo and Darreh Shur-E Khong both located in the same country?
1067	Which film came out first, Vanina or Antes Que O Mundo Acabe?
1068	Where was the father of Elizabeth Amherst Hale born?
1069	Where did the director of film This Rebel Breed die?
1070	Where was the director of film Hotel Paradis born?
1071	Do both films The Stream (Film) and Doomed At Sundown have the directors that share the same nationality?
1072	Are both villages, Chyorny Mys, Khabarovsk Krai and Shundeh Chula, located in the same country?
1073	Did the movies Lupič Legenda and Hart Am Wind, originate from the same country?
1074	Which film has the director who died earlier, Seven Rebel Gladiators or On The Beach (1959 Film)?
1075	Are the directors of films Chennai 600028 Ii and The Horizontal Lieutenant both from the same country?
1076	Where was the father of Tomasz Lipiński born?
1077	Where was the performer of song Everybody (Martin Solveig Song) born?
1078	When is the performer of song La Popola 's birthday?
1079	What is the date of death of the director of film A Texas Steer?
1080	What nationality is the director of film Gable And Lombard?
1081	Who was born first, Harald Dahlstrøm or Maurice Revelli?
1082	Do both films From Language To Language and Recep İvedik 5 have the directors from the same country?
1083	Which country the performer of song Calico Skies is from?
1084	Do the movies Liquidation (Miniseries) and The Valley (2014 Film), originate from the same country?
1085	Are both Whitcombe River and Agano River located in the same country?
1086	Who was born first out of Robert Caha and Robert Younger, Baron Blanesburgh?
1087	Are Dalton James and Mike Teunissen both from the same country?
1088	Which film was released earlier, Uranium Boom or Segunda Mano?
1089	What nationality is the director of film Where Was I? (Film)?
1090	Were both Ellen Lanyon and Yaroslav Ternovskiy, born in the same place?
1091	Where was the director of film Just Another Margin born?
1092	Were both Sylvester Sim and Erna Scheffler, born in the same place?
1093	What is the cause of death of director of film The Other Side Of Midnight (Film)?
1094	Where was the place of death of Hezekiah L. Hosmer's father?
1095	Do Lambert Tree and Grégory Gadebois have the same nationality?
1096	What is the date of birth of the performer of song Mein Herz Weiß Genau, Was Es Will?
1097	Did Robert Earl (Singer) and Julian Krzyżanowski have the same nationality?
1098	When was the director of film Cruza born?
1099	Are the directors of films Miss Arizona (1988 Film) and Sivaji: The Boss both from the same country?
1100	Where did the director of film Nirupedalu die?
1101	Are both buildings, J. K. Miller Homestead and Applethorpe Farm, located in the same country?
1102	What is the date of death of Kang Keqing's husband?
1103	Are both Protomedicato Del Río De La Plata and J.H.C. Petersen'S Sons' Store located in the same country?
1104	When was the composer of film Peter Pan (1976 Musical) born?
1105	When is the composer of film Thangaikkor Geetham 's birthday?
1106	Do both directors of films The Pied Piper (1986 film) and Hunter of Invisible Game share the same nationality?
1107	Where was the place of death of the director of film The Betrothed (1923 Film)?
1108	What is the cause of death of director of film Flaming Feather?
1109	Are the directors of both films The Seven Magnificent Gladiators and The Adventure Of A Ball Night from the same country?
1110	Where was the director of film Fury Of The Pagans born?
1111	What nationality is the director of film The Danger Rider (1928 Film)?
1112	Do the bands Trans-Siberian Orchestra and The Company Band, originate from the same country?
1113	Who is the spouse of the director of film Mr. Love?
1114	Where was the director of film Gildersleeve'S Bad Day born?
1115	What nationality is the director of film Duet For Four?
1116	Who is the paternal grandfather of Tukojirao Holkar Iii?
1117	Where was the father of Bernard D'Armagnac, Count Of Pardiac born?
1118	What nationality is the director of film Sky Dragon?
1119	Who is George Howard, 4Th Earl Of Suffolk's paternal grandfather?
1120	Was Joseph-Napoléon Caron or Albrecht Adam born first?
1121	Where did the director of film The High Country study?
1122	Who is Cristina, Daughter Of Edward The Exile's paternal grandmother?
1123	Who has a wider scope of profession, George William Knox or Sam Vandervelde?
1124	Where was the place of burial of the director of film The Crime Of Doctor Hallet?
1125	When did the composer of film The Secret Of Convict Lake die?
1126	Where does the director of film Seven Nannies work at?
1127	What is the date of death of the director of film Prince Gustaf (Film)?
1128	When is Princess Tsehai's mother's birthday?
1129	What is the place of birth of the director of film Underground Rustlers?
1130	Which magazine was founded first, Muutoksen kevät or MikroDatorn?
1131	When did the director of film Racing Blood die?
1132	Who is the spouse of the performer of song Root Beer Rag?
1133	Do both films, Eight Girls In A Boat (1934 Film) and The Hindenburg (Film), have the directors who are from the same country?
1134	What nationality is the composer of film Term Of Trial?
1135	Does Pasquale Tola have the same nationality as Selin Sayek Böke?
1136	Are Tumul, Namsky District, Sakha Republic and Dehnow, Sonqor both located in the same country?
1137	Are both Ed Holland and Victor Posner from the same country?
1138	Where was the place of death of the director of film The Girl And The Count?
1139	When was the director of film Oh, God! Book Ii born?
1140	Who is Ho Ching's father-in-law?
1141	Which film has the director who was born first, The Silver Trail or Dreams Of Love – Liszt?
1142	What is the place of birth of the director of film Goodbye, Franziska (1941 Film)?
1143	What is the date of death of the performer of song Flores Negras?
1144	Are Durak, Chaharmahal And Bakhtiari and Qareh Qayeh, Meyaneh both located in the same country?
1145	What is the date of birth of the director of film Seven Nights In Japan?
1146	Are the movies Debit And Credit (Film) and Gudia (1947 Film), from the same country?
1147	Who is the father of the composer of film Vamsanikokkadu?
1148	Does George Storrs have the same nationality as Todd Ricketts?
1149	Was Barbara Sass or Geovane Batista de Faria born first?
1150	Do Taylor John Williams and Butch Jones share the same nationality?
1151	Which film has the director born first, Roy Colt & Winchester Jack or Cuban Fireball?
1152	What nationality is the composer of song Rockin' In The Free World?
1153	What is the place of birth of the director of film Mooru Janma?
1154	Which film was released more recently, Assembly Rowdy or White Feather (Film)?
1155	Which film has the director born earlier, His Family Tree or Ang Probinsyano (Film)?
1156	Are director of film Assigned To Danger and director of film Guru (2007 Film) both from the same country?
1157	What is the place of birth of the editor of magazine Screw (Magazine)?
1158	Are both Sartang-E Tomanak and Yarabad, Delfan located in the same country?
1159	What is the date of birth of the director of film Spike Of Bensonhurst?
1160	Are both Karizmeh and Qaleh Gah-E Kurkur located in the same country?
1161	Are Bangladesh Mhm School & College and Washington High School (Milwaukee) located in the same country?
1162	When was the director of film Ek Bar Mooskura Do born?
1163	Are Qaleh Qassab and Zali, North Khorasan located in the same country?
1164	Which film has the director who died first, Driftin' Sands or Il Corpo Della Ragassa?
1165	What is the date of birth of the director of film The Art Of Living (Film)?
1166	Where was the composer of film Vishwavidhaata born?
1167	Do both films From Headquarters (1929 Film) and Howards End (Film) have the directors that share the same nationality?
1168	Are Buneh Rizak-e Chenar and Amarnah both located in the same country?
1169	Who was born earlier, Luciano Sorriso or Bertrand Cheret?
1170	Where was the composer of song I Like (Keri Hilson Song) born?
1171	Are Cuore Sacro and On The Town (Film) both from the same country?
1172	Where did the director of film Gunnin' For That No. 1 Spot die?
1173	When did Francis, Count Of Enghien's father die?
1174	Are director of film Escape Fire: The Fight to Rescue American Healthcare and director of film Ecstasy (film) from the same country?
1175	Are State of Grace (1986 film) and Women's Prison (1955 film) both from the same country?
1176	Where was the composer of film Pushpaka Vimana (1987 Film) born?
1177	Are Vahhabiyeh and Amirabad-E Nadar located in the same country?
1178	Are both Hunte and Astarachay located in the same country?
1179	What is the date of death of Prince Christian Oscar Of Hanover's father?
1180	Were both Cyriel Barbary and Kwek Leng Beng, born in the same place?
1181	When did Steven Ford's mother die?
1182	Where did the director of film If You Meet Sartana Pray For Your Death die?
1183	Are director of film O Casamento De Romeu E Julieta and director of film No Day Without You from the same country?
1184	Are both buildings, Nis Building and Model Brick Home, located in the same country?
1185	Where was the director of film The Last Company born?
1186	Are Bunty Pulls the Strings and Hellfire: A Journey from Hiroshima from the same country?
1187	What is the date of death of Gwen Sterry's mother?
1188	Who died first, Alan Berkman or Hannah Josephson?
1189	When did the director of film Paris Follies Of 1956 die?
1190	When did the performer of song Cry! Cry! Cry! die?
1191	Who is the spouse of the composer of song Indian Sunset?
1192	Which country the director of film A Dream Of Happiness is from?
1193	Where was the husband of Anne Of Bohemia, Duchess Of Silesia born?
1194	Where was the place of death of the director of film Neutral Port?
1195	Which country the director of film Web Of Suspicion is from?
1196	What is the place of birth of Maria Anna Of Spain's father?
1197	Do both Cherokee Uprising (film) and Khatta Meetha (1978 film) films have the directors from the same country?
1198	Which film has the director born later, The Penalty (1920 Film) or Captain Phantom?
1199	Where was the director of film Cavalcade Of Song born?
